source,image_id,class_index,prediction,correct,confidence,brightness,contrast
brightness_down_severity_1,Abyssinian_2,0,17,0,0.11484077572822571,0.1701192855834961,0.14548929035663605
brightness_down_severity_1,Abyssinian_20,0,17,0,0.15400345623493195,0.49441462755203247,0.26876431703567505
brightness_down_severity_1,Abyssinian_201,0,17,0,0.36366501450538635,0.26459619402885437,0.21991273760795593
brightness_down_severity_1,Abyssinian_202,0,17,0,0.1563994139432907,0.34355807304382324,0.17367132008075714
brightness_down_severity_1,Abyssinian_204,0,17,0,0.2566756308078766,0.3579701781272888,0.15053561329841614
brightness_down_severity_1,Abyssinian_205,0,36,0,0.19695942103862762,0.2944493591785431,0.1366996467113495
brightness_down_severity_1,Abyssinian_206,0,0,1,0.11451482027769089,0.5431990027427673,0.293600469827652
brightness_down_severity_1,Abyssinian_207,0,8,0,0.12129426002502441,0.4425979554653168,0.1825186312198639
brightness_down_severity_1,Abyssinian_21,0,8,0,0.09529288113117218,0.19907425343990326,0.18554793298244476
brightness_down_severity_1,Abyssinian_210,0,17,0,0.0755624994635582,0.4044021666049957,0.24548457562923431
brightness_down_severity_1,Abyssinian_212,0,17,0,0.11611200869083405,0.2957615852355957,0.16841331124305725
brightness_down_severity_1,Abyssinian_213,0,17,0,0.17786018550395966,0.18563976883888245,0.17612648010253906
brightness_down_severity_1,Abyssinian_215,0,36,0,0.12073597311973572,0.4711954891681671,0.20557832717895508
brightness_down_severity_1,Abyssinian_216,0,0,1,0.11693563312292099,0.41322433948516846,0.18819193542003632
brightness_down_severity_1,Abyssinian_217,0,9,0,0.17251849174499512,0.35611221194267273,0.2046193927526474
brightness_down_severity_1,Abyssinian_219,0,5,0,0.09702199697494507,0.240327849984169,0.2394331991672516
brightness_down_severity_1,Abyssinian_22,0,9,0,0.2761935591697693,0.39094269275665283,0.21069513261318207
brightness_down_severity_1,Abyssinian_220,0,7,0,0.07066639512777328,0.4134516716003418,0.17584215104579926
brightness_down_severity_1,Abyssinian_221,0,9,0,0.19056464731693268,0.40167534351348877,0.24310874938964844
brightness_down_severity_1,Abyssinian_223,0,17,0,0.1305234134197235,0.4482518434524536,0.23211534321308136
brightness_down_severity_1,Abyssinian_224,0,17,0,0.1268836110830307,0.2953968346118927,0.2442121058702469
brightness_down_severity_1,Abyssinian_225,0,17,0,0.1470249891281128,0.43308407068252563,0.24084001779556274
brightness_down_severity_1,Abyssinian_226,0,7,0,0.11816772818565369,0.5414624214172363,0.24022223055362701
brightness_down_severity_1,Abyssinian_228,0,17,0,0.12044434994459152,0.24625596404075623,0.1650737226009369
brightness_down_severity_1,Abyssinian_230,0,17,0,0.09375616163015366,0.386796236038208,0.16331280767917633
brightness_down_severity_1,Abyssinian_232,0,8,0,0.1046619638800621,0.4656999409198761,0.1765955239534378
brightness_down_severity_1,Abyssinian_24,0,17,0,0.10239849239587784,0.3204561769962311,0.1432022601366043
brightness_down_severity_1,Abyssinian_25,0,15,0,0.14928875863552094,0.2470851093530655,0.1999288648366928
brightness_down_severity_1,Abyssinian_26,0,17,0,0.12317536771297455,0.2261851578950882,0.17182305455207825
brightness_down_severity_1,Abyssinian_27,0,7,0,0.13651826977729797,0.4138791561126709,0.15491172671318054
brightness_down_severity_1,Abyssinian_29,0,8,0,0.22059111297130585,0.3608163297176361,0.18298760056495667
brightness_down_severity_1,Abyssinian_3,0,19,0,0.14669658243656158,0.15538422763347626,0.10791759938001633
brightness_down_severity_2,Abyssinian_2,0,17,0,0.11227519810199738,0.12879133224487305,0.11161656677722931
brightness_down_severity_2,Abyssinian_20,0,17,0,0.1655103862285614,0.37768974900245667,0.20556285977363586
brightness_down_severity_2,Abyssinian_201,0,17,0,0.385052353143692,0.20184579491615295,0.16828905045986176
brightness_down_severity_2,Abyssinian_202,0,17,0,0.14785832166671753,0.262237548828125,0.13276758790016174
brightness_down_severity_2,Abyssinian_204,0,17,0,0.22307854890823364,0.27334585785865784,0.11517717689275742
brightness_down_severity_2,Abyssinian_205,0,36,0,0.18096527457237244,0.22465161979198456,0.10456100851297379
brightness_down_severity_2,Abyssinian_206,0,0,1,0.09676443785429001,0.41457831859588623,0.22443456947803497
brightness_down_severity_2,Abyssinian_207,0,36,0,0.11761835962533951,0.33800163865089417,0.1394864320755005
brightness_down_severity_2,Abyssinian_21,0,8,0,0.10977458953857422,0.1516045778989792,0.14206452667713165
brightness_down_severity_2,Abyssinian_210,0,17,0,0.07777824252843857,0.3087560832500458,0.18780870735645294
brightness_down_severity_2,Abyssinian_212,0,17,0,0.14013221859931946,0.22565743327140808,0.12858718633651733
brightness_down_severity_2,Abyssinian_213,0,17,0,0.15379227697849274,0.14161570370197296,0.13467730581760406
brightness_down_severity_2,Abyssinian_215,0,36,0,0.10140161216259003,0.3598918914794922,0.15700146555900574
brightness_down_severity_2,Abyssinian_216,0,17,0,0.1146174818277359,0.3154505491256714,0.14401978254318237
brightness_down_severity_2,Abyssinian_217,0,9,0,0.16522130370140076,0.2717195749282837,0.15637822449207306
brightness_down_severity_2,Abyssinian_219,0,5,0,0.09556780010461807,0.18366728723049164,0.18279753625392914
brightness_down_severity_2,Abyssinian_22,0,9,0,0.24422423541545868,0.29852035641670227,0.1612328141927719
brightness_down_severity_2,Abyssinian_220,0,7,0,0.08861377090215683,0.315679132938385,0.13441745936870575
brightness_down_severity_2,Abyssinian_221,0,9,0,0.1604626178741455,0.30651146173477173,0.18581777811050415
brightness_down_severity_2,Abyssinian_223,0,17,0,0.13404041528701782,0.342218279838562,0.17750664055347443
brightness_down_severity_2,Abyssinian_224,0,17,0,0.15084809064865112,0.22574783861637115,0.1869228333234787
brightness_down_severity_2,Abyssinian_225,0,17,0,0.1403619647026062,0.3307374119758606,0.184328094124794
brightness_down_severity_2,Abyssinian_226,0,7,0,0.1511480212211609,0.4134446084499359,0.18367187678813934
brightness_down_severity_2,Abyssinian_228,0,17,0,0.0998196229338646,0.18784117698669434,0.12632711231708527
brightness_down_severity_2,Abyssinian_230,0,17,0,0.09153847396373749,0.29552918672561646,0.1249317154288292
brightness_down_severity_2,Abyssinian_232,0,8,0,0.13632449507713318,0.35554537177085876,0.1351449340581894
brightness_down_severity_2,Abyssinian_24,0,0,1,0.0997442901134491,0.24458661675453186,0.10962967574596405
brightness_down_severity_2,Abyssinian_25,0,15,0,0.1454963982105255,0.18849031627178192,0.15292707085609436
brightness_down_severity_2,Abyssinian_26,0,17,0,0.12624764442443848,0.17243604362010956,0.13153670728206635
brightness_down_severity_2,Abyssinian_27,0,7,0,0.12680105865001678,0.31612318754196167,0.11845561861991882
brightness_down_severity_2,Abyssinian_29,0,8,0,0.2174997627735138,0.2753967344760895,0.13989825546741486
brightness_down_severity_2,Abyssinian_3,0,19,0,0.14569337666034698,0.11852570623159409,0.08248834311962128
brightness_down_severity_3,Abyssinian_2,0,17,0,0.10359547287225723,0.08894248306751251,0.07712188363075256
brightness_down_severity_3,Abyssinian_20,0,19,0,0.16962000727653503,0.26086074113845825,0.14217835664749146
brightness_down_severity_3,Abyssinian_201,0,17,0,0.23774829506874084,0.13894876837730408,0.11667744815349579
brightness_down_severity_3,Abyssinian_202,0,17,0,0.12634900212287903,0.1808442771434784,0.09200023114681244
brightness_down_severity_3,Abyssinian_204,0,17,0,0.1765979826450348,0.1886608749628067,0.079827219247818
brightness_down_severity_3,Abyssinian_205,0,36,0,0.12743371725082397,0.15479767322540283,0.07244160026311874
brightness_down_severity_3,Abyssinian_206,0,6,0,0.09316761791706085,0.2859891355037689,0.15526443719863892
brightness_down_severity_3,Abyssinian_207,0,36,0,0.0958019345998764,0.23334051668643951,0.0966842994093895
brightness_down_severity_3,Abyssinian_21,0,8,0,0.11981625109910965,0.10428006947040558,0.09836035966873169
brightness_down_severity_3,Abyssinian_210,0,17,0,0.08004963397979736,0.21292394399642944,0.1298353523015976
brightness_down_severity_3,Abyssinian_212,0,17,0,0.15842613577842712,0.15546660125255585,0.0893290787935257
brightness_down_severity_3,Abyssinian_213,0,17,0,0.09470387548208237,0.09757979959249496,0.09328168630599976
brightness_down_severity_3,Abyssinian_215,0,7,0,0.11128038913011551,0.2483593225479126,0.10878050327301025
brightness_down_severity_3,Abyssinian_216,0,17,0,0.12973648309707642,0.21784763038158417,0.09992751479148865
brightness_down_severity_3,Abyssinian_217,0,9,0,0.1302889734506607,0.18751317262649536,0.10867875069379807
brightness_down_severity_3,Abyssinian_219,0,19,0,0.12152240425348282,0.1264638602733612,0.1266644448041916
brightness_down_severity_3,Abyssinian_22,0,9,0,0.20289763808250427,0.20605604350566864,0.11159349977970123
brightness_down_severity_3,Abyssinian_220,0,7,0,0.08168434351682663,0.2180420160293579,0.09312083572149277
brightness_down_severity_3,Abyssinian_221,0,9,0,0.13018766045570374,0.2114543467760086,0.1287488490343094
brightness_down_severity_3,Abyssinian_223,0,17,0,0.1250016987323761,0.23629631102085114,0.12290313839912415
brightness_down_severity_3,Abyssinian_224,0,17,0,0.18147404491901398,0.15558162331581116,0.12938247621059418
brightness_down_severity_3,Abyssinian_225,0,17,0,0.11375618726015091,0.22839543223381042,0.12758153676986694
brightness_down_severity_3,Abyssinian_226,0,7,0,0.18947435915470123,0.28553831577301025,0.12721438705921173
brightness_down_severity_3,Abyssinian_228,0,17,0,0.07799405604600906,0.12948520481586456,0.08750875294208527
brightness_down_severity_3,Abyssinian_230,0,17,0,0.0778273493051529,0.203820139169693,0.08653883635997772
brightness_down_severity_3,Abyssinian_232,0,8,0,0.12619006633758545,0.24556517601013184,0.09354089200496674
brightness_down_severity_3,Abyssinian_24,0,0,1,0.08862241357564926,0.16884809732437134,0.07569297403097153
brightness_down_severity_3,Abyssinian_25,0,19,0,0.14330802857875824,0.1299179345369339,0.10580016672611237
brightness_down_severity_3,Abyssinian_26,0,17,0,0.10834256559610367,0.11876840889453888,0.09091110527515411
brightness_down_severity_3,Abyssinian_27,0,19,0,0.09688404202461243,0.2183886468410492,0.08209221065044403
brightness_down_severity_3,Abyssinian_29,0,8,0,0.19351422786712646,0.1899619847536087,0.09692841023206711
brightness_down_severity_3,Abyssinian_3,0,19,0,0.1614636778831482,0.08130554109811783,0.0570848174393177
brightness_up_severity_1,Abyssinian_2,0,17,0,0.10476356744766235,0.22917883098125458,0.1973373293876648
brightness_up_severity_1,Abyssinian_20,0,16,0,0.13780593872070312,0.6604782938957214,0.35410675406455994
brightness_up_severity_1,Abyssinian_201,0,17,0,0.25659653544425964,0.3551039397716522,0.28943005204200745
brightness_up_severity_1,Abyssinian_202,0,17,0,0.14731112122535706,0.465160608291626,0.2348933070898056
brightness_up_severity_1,Abyssinian_204,0,17,0,0.25737467408180237,0.48381081223487854,0.20012378692626953
brightness_up_severity_1,Abyssinian_205,0,36,0,0.20308488607406616,0.39852017164230347,0.18351317942142487
brightness_up_severity_1,Abyssinian_206,0,0,1,0.10645724833011627,0.679272472858429,0.3434012234210968
brightness_up_severity_1,Abyssinian_207,0,36,0,0.13622020184993744,0.5988115668296814,0.24559460580348969
brightness_up_severity_1,Abyssinian_21,0,23,0,0.07587471604347229,0.2699195146560669,0.2508256733417511
brightness_up_severity_1,Abyssinian_210,0,0,1,0.08856888860464096,0.5478708744049072,0.3317682147026062
brightness_up_severity_1,Abyssinian_212,0,19,0,0.10175395011901855,0.4002612233161926,0.2262582778930664
brightness_up_severity_1,Abyssinian_213,0,17,0,0.17656968533992767,0.25191959738731384,0.23804716765880585
brightness_up_severity_1,Abyssinian_215,0,36,0,0.13918201625347137,0.6264462471008301,0.25991928577423096
brightness_up_severity_1,Abyssinian_216,0,0,1,0.12261855602264404,0.5596393346786499,0.2543971538543701
brightness_up_severity_1,Abyssinian_217,0,9,0,0.17792122066020966,0.47905510663986206,0.2688969671726227
brightness_up_severity_1,Abyssinian_219,0,9,0,0.10172834247350693,0.32331904768943787,0.31876882910728455
brightness_up_severity_1,Abyssinian_22,0,9,0,0.29531213641166687,0.5250875353813171,0.27666041254997253
brightness_up_severity_1,Abyssinian_220,0,30,0,0.08425143361091614,0.5590593218803406,0.23581932485103607
brightness_up_severity_1,Abyssinian_221,0,9,0,0.18612702190876007,0.5340542197227478,0.3133866488933563
brightness_up_severity_1,Abyssinian_223,0,17,0,0.13632173836231232,0.5970509052276611,0.29940810799598694
brightness_up_severity_1,Abyssinian_224,0,17,0,0.11988090723752975,0.3879830241203308,0.3035023510456085
brightness_up_severity_1,Abyssinian_225,0,17,0,0.17735500633716583,0.5705902576446533,0.30118104815483093
brightness_up_severity_1,Abyssinian_226,0,8,0,0.08544212579727173,0.7243518233299255,0.316756933927536
brightness_up_severity_1,Abyssinian_228,0,17,0,0.14157910645008087,0.3338281214237213,0.22328844666481018
brightness_up_severity_1,Abyssinian_230,0,17,0,0.09170251339673996,0.5222194194793701,0.21639478206634521
brightness_up_severity_1,Abyssinian_232,0,19,0,0.0871807336807251,0.6211256980895996,0.22005654871463776
brightness_up_severity_1,Abyssinian_24,0,17,0,0.09533946216106415,0.4342205822467804,0.1914345920085907
brightness_up_severity_1,Abyssinian_25,0,15,0,0.14137713611125946,0.3348579704761505,0.2701348662376404
brightness_up_severity_1,Abyssinian_26,0,17,0,0.11246004700660706,0.30631589889526367,0.23101282119750977
brightness_up_severity_1,Abyssinian_27,0,19,0,0.10126085579395294,0.5604167580604553,0.20843905210494995
brightness_up_severity_1,Abyssinian_29,0,8,0,0.19344007968902588,0.4873068928718567,0.2441527098417282
brightness_up_severity_1,Abyssinian_3,0,19,0,0.13680459558963776,0.21038587391376495,0.14492066204547882
brightness_up_severity_2,Abyssinian_2,0,11,0,0.11826374381780624,0.26774483919143677,0.22539730370044708
brightness_up_severity_2,Abyssinian_20,0,16,0,0.16813330352306366,0.7136455774307251,0.3627956509590149
brightness_up_severity_2,Abyssinian_201,0,17,0,0.216123566031456,0.4046635031700134,0.3141709268093109
brightness_up_severity_2,Abyssinian_202,0,35,0,0.12235792726278305,0.544530987739563,0.27181506156921387
brightness_up_severity_2,Abyssinian_204,0,17,0,0.24192960560321808,0.5644779801368713,0.22611607611179352
brightness_up_severity_2,Abyssinian_205,0,36,0,0.17947430908679962,0.46502456068992615,0.20585142076015472
brightness_up_severity_2,Abyssinian_206,0,0,1,0.09984851628541946,0.7176453471183777,0.33100777864456177
brightness_up_severity_2,Abyssinian_207,0,36,0,0.1329486072063446,0.6813674569129944,0.2584375739097595
brightness_up_severity_2,Abyssinian_21,0,6,0,0.07056891173124313,0.31534963846206665,0.2893449068069458
brightness_up_severity_2,Abyssinian_210,0,0,1,0.09989538043737411,0.6251767873764038,0.36973223090171814
brightness_up_severity_2,Abyssinian_212,0,19,0,0.11678636074066162,0.4677985608577728,0.2598634958267212
brightness_up_severity_2,Abyssinian_213,0,17,0,0.15043464303016663,0.2941397726535797,0.2737025320529938
brightness_up_severity_2,Abyssinian_215,0,36,0,0.12974143028259277,0.7029533386230469,0.2639824151992798
brightness_up_severity_2,Abyssinian_216,0,9,0,0.12322743237018585,0.6528745293617249,0.29286840558052063
brightness_up_severity_2,Abyssinian_217,0,9,0,0.12453267723321915,0.5467610359191895,0.2883647084236145
brightness_up_severity_2,Abyssinian_219,0,30,0,0.11149733513593674,0.36789804697036743,0.350350022315979
brightness_up_severity_2,Abyssinian_22,0,9,0,0.2764382064342499,0.593863844871521,0.2901812493801117
brightness_up_severity_2,Abyssinian_220,0,30,0,0.09988027811050415,0.6485786437988281,0.26467570662498474
brightness_up_severity_2,Abyssinian_221,0,9,0,0.1207994818687439,0.5969716310501099,0.32680243253707886
brightness_up_severity_2,Abyssinian_223,0,17,0,0.1269174963235855,0.6655353307723999,0.30933210253715515
brightness_up_severity_2,Abyssinian_224,0,17,0,0.11285725980997086,0.4344831109046936,0.3155161440372467
brightness_up_severity_2,Abyssinian_225,0,17,0,0.1369968056678772,0.6335613131523132,0.3060406446456909
brightness_up_severity_2,Abyssinian_226,0,30,0,0.08373034745454788,0.7840448021888733,0.3225271701812744
brightness_up_severity_2,Abyssinian_228,0,17,0,0.15004843473434448,0.39228707551956177,0.2617248594760895
brightness_up_severity_2,Abyssinian_230,0,17,0,0.0852063000202179,0.6062522530555725,0.24069653451442719
brightness_up_severity_2,Abyssinian_232,0,19,0,0.1073947548866272,0.6994265913963318,0.21248672902584076
brightness_up_severity_2,Abyssinian_24,0,0,1,0.09296247363090515,0.5053504109382629,0.21323658525943756
brightness_up_severity_2,Abyssinian_25,0,15,0,0.13257259130477905,0.39217275381088257,0.31427159905433655
brightness_up_severity_2,Abyssinian_26,0,17,0,0.10712537169456482,0.357344388961792,0.2640725076198578
brightness_up_severity_2,Abyssinian_27,0,19,0,0.12913505733013153,0.6542305946350098,0.2384795993566513
brightness_up_severity_2,Abyssinian_29,0,8,0,0.15667395293712616,0.5593137145042419,0.26227232813835144
brightness_up_severity_2,Abyssinian_3,0,19,0,0.14224067330360413,0.24659864604473114,0.1666051149368286
brightness_up_severity_3,Abyssinian_2,0,11,0,0.11896798759698868,0.31129419803619385,0.24752436578273773
brightness_up_severity_3,Abyssinian_20,0,16,0,0.17318010330200195,0.7527124285697937,0.36190080642700195
brightness_up_severity_3,Abyssinian_201,0,17,0,0.23223397135734558,0.4558579623699188,0.33017754554748535
brightness_up_severity_3,Abyssinian_202,0,35,0,0.12951542437076569,0.6271397471427917,0.29582545161247253
brightness_up_severity_3,Abyssinian_204,0,17,0,0.1967078298330307,0.6565132141113281,0.24723099172115326
brightness_up_severity_3,Abyssinian_205,0,36,0,0.13079342246055603,0.5439374446868896,0.2263476401567459
brightness_up_severity_3,Abyssinian_206,0,0,1,0.11293600499629974,0.7559201717376709,0.3156026601791382
brightness_up_severity_3,Abyssinian_207,0,36,0,0.14694258570671082,0.7551323175430298,0.2486504316329956
brightness_up_severity_3,Abyssinian_21,0,23,0,0.06675539910793304,0.36399033665657043,0.32085779309272766
brightness_up_severity_3,Abyssinian_210,0,0,1,0.09498028457164764,0.6607149839401245,0.3602288067340851
brightness_up_severity_3,Abyssinian_212,0,19,0,0.14252275228500366,0.5460900664329529,0.29228565096855164
brightness_up_severity_3,Abyssinian_213,0,17,0,0.11346825212240219,0.34108054637908936,0.3056924641132355
brightness_up_severity_3,Abyssinian_215,0,36,0,0.0969395861029625,0.7768153548240662,0.2575843930244446
brightness_up_severity_3,Abyssinian_216,0,0,1,0.14317116141319275,0.725491464138031,0.298220694065094
brightness_up_severity_3,Abyssinian_217,0,16,0,0.10408785194158554,0.6186468601226807,0.2998039722442627
brightness_up_severity_3,Abyssinian_219,0,30,0,0.1615917980670929,0.4095710813999176,0.36886507272720337
brightness_up_severity_3,Abyssinian_22,0,9,0,0.25643283128738403,0.6617835760116577,0.2895696759223938
brightness_up_severity_3,Abyssinian_220,0,30,0,0.09444832801818848,0.7338072657585144,0.2749868631362915
brightness_up_severity_3,Abyssinian_221,0,7,0,0.13229577243328094,0.6595428586006165,0.3331407308578491
brightness_up_severity_3,Abyssinian_223,0,17,0,0.11395355314016342,0.7263845801353455,0.3048159182071686
brightness_up_severity_3,Abyssinian_224,0,17,0,0.10453767329454422,0.48459941148757935,0.3216251730918884
brightness_up_severity_3,Abyssinian_225,0,7,0,0.12670430541038513,0.69578617811203,0.30209672451019287
brightness_up_severity_3,Abyssinian_226,0,30,0,0.07943993806838989,0.8188632130622864,0.31449297070503235
brightness_up_severity_3,Abyssinian_228,0,17,0,0.12186125665903091,0.4610873758792877,0.3015768826007843
brightness_up_severity_3,Abyssinian_230,0,17,0,0.08858813345432281,0.7005109190940857,0.26015928387641907
brightness_up_severity_3,Abyssinian_232,0,19,0,0.09712250530719757,0.7787824273109436,0.18751905858516693
brightness_up_severity_3,Abyssinian_24,0,0,1,0.101137675344944,0.5894702076911926,0.23216404020786285
brightness_up_severity_3,Abyssinian_25,0,15,0,0.14006605744361877,0.45100533962249756,0.3482218086719513
brightness_up_severity_3,Abyssinian_26,0,17,0,0.10454143583774567,0.41739848256111145,0.2986292243003845
brightness_up_severity_3,Abyssinian_27,0,19,0,0.179447203874588,0.7575196623802185,0.2626033127307892
brightness_up_severity_3,Abyssinian_29,0,8,0,0.1274276077747345,0.6344783902168274,0.2673904597759247
brightness_up_severity_3,Abyssinian_3,0,19,0,0.14574265480041504,0.29119107127189636,0.189950093626976
downscale_upscale_severity_1,Abyssinian_2,0,11,0,0.11874799430370331,0.2011992335319519,0.16641467809677124
downscale_upscale_severity_1,Abyssinian_20,0,19,0,0.2136440873146057,0.5836964249610901,0.31093135476112366
downscale_upscale_severity_1,Abyssinian_201,0,17,0,0.30006298422813416,0.31350016593933105,0.2503719627857208
downscale_upscale_severity_1,Abyssinian_202,0,17,0,0.1081094890832901,0.4063253402709961,0.19876235723495483
downscale_upscale_severity_1,Abyssinian_204,0,17,0,0.2810487747192383,0.42336419224739075,0.1678723841905594
downscale_upscale_severity_1,Abyssinian_205,0,17,0,0.18909235298633575,0.3487299978733063,0.14993086457252502
downscale_upscale_severity_1,Abyssinian_206,0,0,1,0.12756378948688507,0.6408206820487976,0.3418571949005127
downscale_upscale_severity_1,Abyssinian_207,0,8,0,0.13072843849658966,0.5228748917579651,0.21059107780456543
downscale_upscale_severity_1,Abyssinian_21,0,19,0,0.11116864532232285,0.2362518608570099,0.21170218288898468
downscale_upscale_severity_1,Abyssinian_210,0,9,0,0.08318503201007843,0.47815272212028503,0.2868784964084625
downscale_upscale_severity_1,Abyssinian_212,0,29,0,0.09520124644041061,0.3502723276615143,0.19181005656719208
downscale_upscale_severity_1,Abyssinian_213,0,17,0,0.12395820766687393,0.22069114446640015,0.2047107070684433
downscale_upscale_severity_1,Abyssinian_215,0,19,0,0.09530875831842422,0.5564602017402649,0.2367447465658188
downscale_upscale_severity_1,Abyssinian_216,0,0,1,0.12318254262208939,0.4883180558681488,0.2157312035560608
downscale_upscale_severity_1,Abyssinian_217,0,17,0,0.09017464518547058,0.4213118255138397,0.22624260187149048
downscale_upscale_severity_1,Abyssinian_219,0,19,0,0.11000283062458038,0.2848571836948395,0.2780095636844635
downscale_upscale_severity_1,Abyssinian_22,0,9,0,0.10097461938858032,0.4616117775440216,0.22581417858600616
downscale_upscale_severity_1,Abyssinian_220,0,7,0,0.09650595486164093,0.48864370584487915,0.20174315571784973
downscale_upscale_severity_1,Abyssinian_221,0,17,0,0.15465138852596283,0.4747407138347626,0.27951517701148987
downscale_upscale_severity_1,Abyssinian_223,0,19,0,0.09899915754795074,0.5295178890228271,0.2701320946216583
downscale_upscale_severity_1,Abyssinian_224,0,17,0,0.15796606242656708,0.3500312566757202,0.28270184993743896
downscale_upscale_severity_1,Abyssinian_225,0,17,0,0.12719331681728363,0.5118542313575745,0.27951180934906006
downscale_upscale_severity_1,Abyssinian_226,0,19,0,0.12505920231342316,0.63912433385849,0.2772865891456604
downscale_upscale_severity_1,Abyssinian_228,0,17,0,0.08819200098514557,0.2920386493206024,0.19076181948184967
downscale_upscale_severity_1,Abyssinian_230,0,0,1,0.07613063603639603,0.45804014801979065,0.18512268364429474
downscale_upscale_severity_1,Abyssinian_232,0,19,0,0.11439069360494614,0.5502931475639343,0.20269137620925903
downscale_upscale_severity_1,Abyssinian_24,0,17,0,0.12253334373235703,0.3797236979007721,0.16278637945652008
downscale_upscale_severity_1,Abyssinian_25,0,19,0,0.11303069442510605,0.2926563620567322,0.22711357474327087
downscale_upscale_severity_1,Abyssinian_26,0,17,0,0.09277740120887756,0.26829296350479126,0.1917557716369629
downscale_upscale_severity_1,Abyssinian_27,0,19,0,0.16215814650058746,0.48925063014030457,0.1762767732143402
downscale_upscale_severity_1,Abyssinian_29,0,8,0,0.2982637584209442,0.42681029438972473,0.20847944915294647
downscale_upscale_severity_1,Abyssinian_3,0,19,0,0.24047517776489258,0.18486298620700836,0.1214255839586258
downscale_upscale_severity_2,Abyssinian_2,0,11,0,0.10157417505979538,0.2012452632188797,0.16475044190883636
downscale_upscale_severity_2,Abyssinian_20,0,19,0,0.23930606245994568,0.5836948752403259,0.3083268404006958
downscale_upscale_severity_2,Abyssinian_201,0,17,0,0.20647624135017395,0.3135608732700348,0.24739426374435425
downscale_upscale_severity_2,Abyssinian_202,0,35,0,0.09707441926002502,0.40636706352233887,0.1967964619398117
downscale_upscale_severity_2,Abyssinian_204,0,17,0,0.25526952743530273,0.42339974641799927,0.16453680396080017
downscale_upscale_severity_2,Abyssinian_205,0,17,0,0.17145824432373047,0.3488095998764038,0.14635728299617767
downscale_upscale_severity_2,Abyssinian_206,0,0,1,0.10830867290496826,0.6408235430717468,0.34084463119506836
downscale_upscale_severity_2,Abyssinian_207,0,8,0,0.1140502542257309,0.52291339635849,0.2091922014951706
downscale_upscale_severity_2,Abyssinian_21,0,19,0,0.10179699212312698,0.23626866936683655,0.21050460636615753
downscale_upscale_severity_2,Abyssinian_210,0,8,0,0.08523159474134445,0.4781844913959503,0.28605708479881287
downscale_upscale_severity_2,Abyssinian_212,0,29,0,0.10674076527357101,0.3505003750324249,0.18969963490962982
downscale_upscale_severity_2,Abyssinian_213,0,17,0,0.09542696923017502,0.22058582305908203,0.20364874601364136
downscale_upscale_severity_2,Abyssinian_215,0,19,0,0.11859972774982452,0.5565436482429504,0.23489458858966827
downscale_upscale_severity_2,Abyssinian_216,0,0,1,0.11574315279722214,0.4883309006690979,0.21384510397911072
downscale_upscale_severity_2,Abyssinian_217,0,28,0,0.08253130316734314,0.4212814271450043,0.22268053889274597
downscale_upscale_severity_2,Abyssinian_219,0,19,0,0.15518662333488464,0.28483816981315613,0.2767126262187958
downscale_upscale_severity_2,Abyssinian_22,0,16,0,0.10298755019903183,0.4611184597015381,0.22248676419258118
downscale_upscale_severity_2,Abyssinian_220,0,7,0,0.10791268199682236,0.4887181222438812,0.1996515393257141
downscale_upscale_severity_2,Abyssinian_221,0,17,0,0.13057290017604828,0.47470328211784363,0.27693358063697815
downscale_upscale_severity_2,Abyssinian_223,0,19,0,0.12642940878868103,0.5295628309249878,0.2687503695487976
downscale_upscale_severity_2,Abyssinian_224,0,17,0,0.15896055102348328,0.3500446081161499,0.28060421347618103
downscale_upscale_severity_2,Abyssinian_225,0,17,0,0.12292297184467316,0.5119056105613708,0.27759334444999695
downscale_upscale_severity_2,Abyssinian_226,0,19,0,0.15621349215507507,0.6391944289207458,0.27483704686164856
downscale_upscale_severity_2,Abyssinian_228,0,17,0,0.0763075202703476,0.29203230142593384,0.18944063782691956
downscale_upscale_severity_2,Abyssinian_230,0,8,0,0.07839048653841019,0.45754629373550415,0.18312731385231018
downscale_upscale_severity_2,Abyssinian_232,0,19,0,0.1454920768737793,0.5503070950508118,0.20098862051963806
downscale_upscale_severity_2,Abyssinian_24,0,17,0,0.11541290581226349,0.3797440826892853,0.16141407191753387
downscale_upscale_severity_2,Abyssinian_25,0,19,0,0.12743568420410156,0.2926778197288513,0.22506482899188995
downscale_upscale_severity_2,Abyssinian_26,0,17,0,0.08391869068145752,0.2683025002479553,0.1890418380498886
downscale_upscale_severity_2,Abyssinian_27,0,19,0,0.22526578605175018,0.4892444312572479,0.17400315403938293
downscale_upscale_severity_2,Abyssinian_29,0,8,0,0.25713634490966797,0.4268098473548889,0.20691461861133575
downscale_upscale_severity_2,Abyssinian_3,0,19,0,0.25712546706199646,0.1848783940076828,0.12018989026546478
downscale_upscale_severity_3,Abyssinian_2,0,11,0,0.08541517704725266,0.20130667090415955,0.1614886373281479
downscale_upscale_severity_3,Abyssinian_20,0,19,0,0.22579659521579742,0.5836223363876343,0.30281728506088257
downscale_upscale_severity_3,Abyssinian_201,0,17,0,0.0999738946557045,0.313493549823761,0.24209965765476227
downscale_upscale_severity_3,Abyssinian_202,0,35,0,0.1269725114107132,0.4062853455543518,0.19311536848545074
downscale_upscale_severity_3,Abyssinian_204,0,17,0,0.26899558305740356,0.4233059585094452,0.15828754007816315
downscale_upscale_severity_3,Abyssinian_205,0,17,0,0.12228891998529434,0.3486907482147217,0.140498086810112
downscale_upscale_severity_3,Abyssinian_206,0,0,1,0.08048495650291443,0.6407517790794373,0.3387094736099243
downscale_upscale_severity_3,Abyssinian_207,0,8,0,0.09124666452407837,0.5228461623191833,0.20664849877357483
downscale_upscale_severity_3,Abyssinian_21,0,19,0,0.08305855095386505,0.23628169298171997,0.20799268782138824
downscale_upscale_severity_3,Abyssinian_210,0,8,0,0.09910833835601807,0.4781433045864105,0.28421705961227417
downscale_upscale_severity_3,Abyssinian_212,0,29,0,0.11642040312290192,0.3502199053764343,0.18615835905075073
downscale_upscale_severity_3,Abyssinian_213,0,15,0,0.08734598755836487,0.22067402303218842,0.20141547918319702
downscale_upscale_severity_3,Abyssinian_215,0,19,0,0.14701911807060242,0.5564414262771606,0.23146089911460876
downscale_upscale_severity_3,Abyssinian_216,0,0,1,0.10383662581443787,0.488301157951355,0.2101481556892395
downscale_upscale_severity_3,Abyssinian_217,0,28,0,0.09304274618625641,0.4212110638618469,0.2161567211151123
downscale_upscale_severity_3,Abyssinian_219,0,8,0,0.15169639885425568,0.28472355008125305,0.2740705907344818
downscale_upscale_severity_3,Abyssinian_22,0,16,0,0.10121086984872818,0.46012941002845764,0.2169969379901886
downscale_upscale_severity_3,Abyssinian_220,0,7,0,0.11142035573720932,0.488700270652771,0.19578087329864502
downscale_upscale_severity_3,Abyssinian_221,0,19,0,0.11405379325151443,0.4746380150318146,0.2722097933292389
downscale_upscale_severity_3,Abyssinian_223,0,19,0,0.1686648577451706,0.5295270681381226,0.26579609513282776
downscale_upscale_severity_3,Abyssinian_224,0,17,0,0.11907244473695755,0.3500453233718872,0.27650952339172363
downscale_upscale_severity_3,Abyssinian_225,0,19,0,0.1324053555727005,0.5119038224220276,0.27361664175987244
downscale_upscale_severity_3,Abyssinian_226,0,19,0,0.15250276029109955,0.6391703486442566,0.26983246207237244
downscale_upscale_severity_3,Abyssinian_228,0,36,0,0.08274707943201065,0.292034775018692,0.18689896166324615
downscale_upscale_severity_3,Abyssinian_230,0,19,0,0.08552610129117966,0.45767509937286377,0.1789291352033615
downscale_upscale_severity_3,Abyssinian_232,0,19,0,0.13296078145503998,0.5502486228942871,0.19802607595920563
downscale_upscale_severity_3,Abyssinian_24,0,19,0,0.11120490729808807,0.37972456216812134,0.15909075736999512
downscale_upscale_severity_3,Abyssinian_25,0,19,0,0.15928038954734802,0.29267653822898865,0.22161813080310822
downscale_upscale_severity_3,Abyssinian_26,0,19,0,0.09669718891382217,0.2682930827140808,0.18451817333698273
downscale_upscale_severity_3,Abyssinian_27,0,19,0,0.26049548387527466,0.4892944097518921,0.16972488164901733
downscale_upscale_severity_3,Abyssinian_29,0,8,0,0.1976754069328308,0.4268070459365845,0.20395906269550323
downscale_upscale_severity_3,Abyssinian_3,0,19,0,0.1622995287179947,0.184876948595047,0.11791394650936127
gaussian_blur_severity_1,Abyssinian_2,0,11,0,0.10490268468856812,0.20055584609508514,0.16902300715446472
gaussian_blur_severity_1,Abyssinian_20,0,19,0,0.15556387603282928,0.5829339623451233,0.3145589828491211
gaussian_blur_severity_1,Abyssinian_201,0,17,0,0.30213862657546997,0.31185296177864075,0.25180163979530334
gaussian_blur_severity_1,Abyssinian_202,0,17,0,0.12719985842704773,0.4049651324748993,0.19978134334087372
gaussian_blur_severity_1,Abyssinian_204,0,17,0,0.29346585273742676,0.4222017526626587,0.1691570281982422
gaussian_blur_severity_1,Abyssinian_205,0,17,0,0.17900577187538147,0.34676769375801086,0.1520700603723526
gaussian_blur_severity_1,Abyssinian_206,0,0,1,0.12811098992824554,0.6397898197174072,0.3432287573814392
gaussian_blur_severity_1,Abyssinian_207,0,8,0,0.15972715616226196,0.5213314890861511,0.21142864227294922
gaussian_blur_severity_1,Abyssinian_21,0,8,0,0.10567231476306915,0.2348036915063858,0.21338969469070435
gaussian_blur_severity_1,Abyssinian_210,0,7,0,0.09007813781499863,0.47729936242103577,0.28788408637046814
gaussian_blur_severity_1,Abyssinian_212,0,19,0,0.08864443004131317,0.3486762046813965,0.192170649766922
gaussian_blur_severity_1,Abyssinian_213,0,17,0,0.12298759818077087,0.21935734152793884,0.20475594699382782
gaussian_blur_severity_1,Abyssinian_215,0,36,0,0.08479591459035873,0.5548486709594727,0.23776140809059143
gaussian_blur_severity_1,Abyssinian_216,0,0,1,0.11544036120176315,0.48697271943092346,0.21725893020629883
gaussian_blur_severity_1,Abyssinian_217,0,9,0,0.10058486461639404,0.41961926221847534,0.2273034006357193
gaussian_blur_severity_1,Abyssinian_219,0,8,0,0.10416916757822037,0.28387534618377686,0.27777665853500366
gaussian_blur_severity_1,Abyssinian_22,0,9,0,0.20013144612312317,0.46073296666145325,0.23201943933963776
gaussian_blur_severity_1,Abyssinian_220,0,30,0,0.09751702845096588,0.4871547818183899,0.20294111967086792
gaussian_blur_severity_1,Abyssinian_221,0,9,0,0.1280878484249115,0.4731769561767578,0.2811191976070404
gaussian_blur_severity_1,Abyssinian_223,0,17,0,0.10124101489782333,0.5284440517425537,0.27133357524871826
gaussian_blur_severity_1,Abyssinian_224,0,17,0,0.15043875575065613,0.34892377257347107,0.28367990255355835
gaussian_blur_severity_1,Abyssinian_225,0,17,0,0.13647346198558807,0.5104146003723145,0.2806876003742218
gaussian_blur_severity_1,Abyssinian_226,0,7,0,0.10539107769727707,0.6375420689582825,0.2785749137401581
gaussian_blur_severity_1,Abyssinian_228,0,17,0,0.08780819177627563,0.29038646817207336,0.19119466841220856
gaussian_blur_severity_1,Abyssinian_230,0,17,0,0.07698526233434677,0.45609229803085327,0.18705494701862335
gaussian_blur_severity_1,Abyssinian_232,0,19,0,0.10148940980434418,0.548518717288971,0.20414449274539948
gaussian_blur_severity_1,Abyssinian_24,0,17,0,0.0988064557313919,0.3790205419063568,0.16613154113292694
gaussian_blur_severity_1,Abyssinian_25,0,15,0,0.13850189745426178,0.29127803444862366,0.23027440905570984
gaussian_blur_severity_1,Abyssinian_26,0,17,0,0.11436556279659271,0.2665064036846161,0.19624975323677063
gaussian_blur_severity_1,Abyssinian_27,0,19,0,0.12723477184772491,0.4879213869571686,0.1790698617696762
gaussian_blur_severity_1,Abyssinian_29,0,8,0,0.22607636451721191,0.42537808418273926,0.2142094522714615
gaussian_blur_severity_1,Abyssinian_3,0,19,0,0.1442570686340332,0.18444934487342834,0.12424349039793015
gaussian_blur_severity_2,Abyssinian_2,0,11,0,0.10901375114917755,0.20115266740322113,0.1673615723848343
gaussian_blur_severity_2,Abyssinian_20,0,19,0,0.2521977424621582,0.5836611986160278,0.30984315276145935
gaussian_blur_severity_2,Abyssinian_201,0,17,0,0.10805588215589523,0.31350430846214294,0.24468295276165009
gaussian_blur_severity_2,Abyssinian_202,0,35,0,0.08955582231283188,0.4063795506954193,0.19500824809074402
gaussian_blur_severity_2,Abyssinian_204,0,17,0,0.24331308901309967,0.42345133423805237,0.1603497713804245
gaussian_blur_severity_2,Abyssinian_205,0,17,0,0.1116749569773674,0.3486187756061554,0.14335350692272186
gaussian_blur_severity_2,Abyssinian_206,0,6,0,0.09403695911169052,0.6408049464225769,0.34019115567207336
gaussian_blur_severity_2,Abyssinian_207,0,8,0,0.11197618395090103,0.5228111743927002,0.20749616622924805
gaussian_blur_severity_2,Abyssinian_21,0,19,0,0.11701174080371857,0.23625002801418304,0.21148742735385895
gaussian_blur_severity_2,Abyssinian_210,0,8,0,0.10914205759763718,0.4781278371810913,0.2851203978061676
gaussian_blur_severity_2,Abyssinian_212,0,29,0,0.0947054848074913,0.3502556383609772,0.18689092993736267
gaussian_blur_severity_2,Abyssinian_213,0,30,0,0.06354876607656479,0.22046801447868347,0.20219188928604126
gaussian_blur_severity_2,Abyssinian_215,0,19,0,0.13000993430614471,0.5564883351325989,0.23294870555400848
gaussian_blur_severity_2,Abyssinian_216,0,19,0,0.10250387340784073,0.48829683661460876,0.21208901703357697
gaussian_blur_severity_2,Abyssinian_217,0,28,0,0.08702708035707474,0.42134055495262146,0.2174641340970993
gaussian_blur_severity_2,Abyssinian_219,0,8,0,0.1790442168712616,0.2850739359855652,0.2743281424045563
gaussian_blur_severity_2,Abyssinian_22,0,17,0,0.10583411157131195,0.4622644782066345,0.2263639271259308
gaussian_blur_severity_2,Abyssinian_220,0,7,0,0.11213816702365875,0.48858609795570374,0.19758185744285583
gaussian_blur_severity_2,Abyssinian_221,0,19,0,0.12001892924308777,0.4746802747249603,0.2746012806892395
gaussian_blur_severity_2,Abyssinian_223,0,19,0,0.13779982924461365,0.5295620560646057,0.26744621992111206
gaussian_blur_severity_2,Abyssinian_224,0,17,0,0.12098614126443863,0.3500424027442932,0.2786836326122284
gaussian_blur_severity_2,Abyssinian_225,0,19,0,0.13995841145515442,0.5118585824966431,0.27539825439453125
gaussian_blur_severity_2,Abyssinian_226,0,19,0,0.17172645032405853,0.6389885544776917,0.2727270722389221
gaussian_blur_severity_2,Abyssinian_228,0,36,0,0.08523641526699066,0.29197919368743896,0.1880294233560562
gaussian_blur_severity_2,Abyssinian_230,0,8,0,0.09948959201574326,0.4573858678340912,0.1811632364988327
gaussian_blur_severity_2,Abyssinian_232,0,19,0,0.1417558193206787,0.5502482056617737,0.19994737207889557
gaussian_blur_severity_2,Abyssinian_24,0,17,0,0.11248985677957535,0.3796640932559967,0.16450898349285126
gaussian_blur_severity_2,Abyssinian_25,0,19,0,0.1026192381978035,0.2926376461982727,0.22616812586784363
gaussian_blur_severity_2,Abyssinian_26,0,11,0,0.09221842885017395,0.2683115303516388,0.19117121398448944
gaussian_blur_severity_2,Abyssinian_27,0,19,0,0.23397766053676605,0.4892137944698334,0.17443284392356873
gaussian_blur_severity_2,Abyssinian_29,0,8,0,0.23794634640216827,0.42674848437309265,0.21267303824424744
gaussian_blur_severity_2,Abyssinian_3,0,19,0,0.1836584359407425,0.18489153683185577,0.12290763109922409
gaussian_blur_severity_3,Abyssinian_2,0,11,0,0.10937689989805222,0.2011740356683731,0.16537074744701385
gaussian_blur_severity_3,Abyssinian_20,0,19,0,0.29667747020721436,0.5836848616600037,0.3051738739013672
gaussian_blur_severity_3,Abyssinian_201,0,28,0,0.08367490768432617,0.31345582008361816,0.23843903839588165
gaussian_blur_severity_3,Abyssinian_202,0,35,0,0.10251259058713913,0.4064449071884155,0.19056515395641327
gaussian_blur_severity_3,Abyssinian_204,0,17,0,0.18107657134532928,0.42355069518089294,0.1532033085823059
gaussian_blur_severity_3,Abyssinian_205,0,17,0,0.07303229719400406,0.3486172556877136,0.1367742419242859
gaussian_blur_severity_3,Abyssinian_206,0,8,0,0.09394821524620056,0.6407806873321533,0.3378407955169678
gaussian_blur_severity_3,Abyssinian_207,0,36,0,0.10066813230514526,0.5228838324546814,0.20443488657474518
gaussian_blur_severity_3,Abyssinian_21,0,19,0,0.10361569374799728,0.2362367808818817,0.2094806432723999
gaussian_blur_severity_3,Abyssinian_210,0,19,0,0.13012665510177612,0.478142648935318,0.28270789980888367
gaussian_blur_severity_3,Abyssinian_212,0,29,0,0.06883201003074646,0.3503619432449341,0.1824350506067276
gaussian_blur_severity_3,Abyssinian_213,0,19,0,0.0710187554359436,0.22044816613197327,0.19933608174324036
gaussian_blur_severity_3,Abyssinian_215,0,19,0,0.13688118755817413,0.5565267205238342,0.2286476343870163
gaussian_blur_severity_3,Abyssinian_216,0,19,0,0.14954788982868195,0.488319993019104,0.2076452225446701
gaussian_blur_severity_3,Abyssinian_217,0,19,0,0.09853889048099518,0.42133769392967224,0.2093610167503357
gaussian_blur_severity_3,Abyssinian_219,0,19,0,0.1254540979862213,0.2853129506111145,0.27039897441864014
gaussian_blur_severity_3,Abyssinian_22,0,17,0,0.0774466022849083,0.46251624822616577,0.22225254774093628
gaussian_blur_severity_3,Abyssinian_220,0,7,0,0.09495425224304199,0.4885435998439789,0.19285708665847778
gaussian_blur_severity_3,Abyssinian_221,0,19,0,0.14510205388069153,0.4747201204299927,0.26893308758735657
gaussian_blur_severity_3,Abyssinian_223,0,19,0,0.15777580440044403,0.5295633673667908,0.2638644576072693
gaussian_blur_severity_3,Abyssinian_224,0,36,0,0.09207870066165924,0.3500469923019409,0.2737145721912384
gaussian_blur_severity_3,Abyssinian_225,0,19,0,0.18121252954006195,0.5118335485458374,0.2704257667064667
gaussian_blur_severity_3,Abyssinian_226,0,19,0,0.16249850392341614,0.6389046907424927,0.26660430431365967
gaussian_blur_severity_3,Abyssinian_228,0,36,0,0.10511863976716995,0.2920225262641907,0.1850854456424713
gaussian_blur_severity_3,Abyssinian_230,0,19,0,0.11819326132535934,0.45733121037483215,0.17639710009098053
gaussian_blur_severity_3,Abyssinian_232,0,19,0,0.16430939733982086,0.5502693057060242,0.1967017650604248
gaussian_blur_severity_3,Abyssinian_24,0,17,0,0.11987963318824768,0.379673033952713,0.163018137216568
gaussian_blur_severity_3,Abyssinian_25,0,19,0,0.12398627400398254,0.2926333546638489,0.2230880707502365
gaussian_blur_severity_3,Abyssinian_26,0,11,0,0.08156593888998032,0.2682928442955017,0.18721981346607208
gaussian_blur_severity_3,Abyssinian_27,0,19,0,0.28214094042778015,0.4892546832561493,0.17045436799526215
gaussian_blur_severity_3,Abyssinian_29,0,8,0,0.2585129141807556,0.4267619848251343,0.2114405333995819
gaussian_blur_severity_3,Abyssinian_3,0,19,0,0.22929881513118744,0.18485823273658752,0.12161047756671906
jpeg_quality_severity_1,Abyssinian_2,0,17,0,0.11656180024147034,0.20211811363697052,0.17170415818691254
jpeg_quality_severity_1,Abyssinian_20,0,16,0,0.16040877997875214,0.5856264233589172,0.31548625230789185
jpeg_quality_severity_1,Abyssinian_201,0,17,0,0.2742280662059784,0.3140157163143158,0.2576151490211487
jpeg_quality_severity_1,Abyssinian_202,0,17,0,0.14552120864391327,0.4065829813480377,0.20398981869220734
jpeg_quality_severity_1,Abyssinian_204,0,17,0,0.2958575189113617,0.4241507947444916,0.17613042891025543
jpeg_quality_severity_1,Abyssinian_205,0,17,0,0.24838843941688538,0.3491378724575043,0.16000810265541077
jpeg_quality_severity_1,Abyssinian_206,0,0,1,0.1073213443160057,0.6411123275756836,0.3443368971347809
jpeg_quality_severity_1,Abyssinian_207,0,36,0,0.115981824696064,0.523643970489502,0.2138550877571106
jpeg_quality_severity_1,Abyssinian_21,0,28,0,0.08508304506540298,0.2381632775068283,0.2160719782114029
jpeg_quality_severity_1,Abyssinian_210,0,9,0,0.08356436342000961,0.47890758514404297,0.28930699825286865
jpeg_quality_severity_1,Abyssinian_212,0,17,0,0.12815247476100922,0.3511762022972107,0.19657820463180542
jpeg_quality_severity_1,Abyssinian_213,0,17,0,0.18977555632591248,0.2211022973060608,0.20655027031898499
jpeg_quality_severity_1,Abyssinian_215,0,36,0,0.11077705770730972,0.5571867823600769,0.24134771525859833
jpeg_quality_severity_1,Abyssinian_216,0,0,1,0.1305374801158905,0.48898088932037354,0.2202114760875702
jpeg_quality_severity_1,Abyssinian_217,0,17,0,0.1433558315038681,0.4221201539039612,0.23817205429077148
jpeg_quality_severity_1,Abyssinian_219,0,5,0,0.12553593516349792,0.28555965423583984,0.28119421005249023
jpeg_quality_severity_1,Abyssinian_22,0,9,0,0.24021115899085999,0.462741494178772,0.24694758653640747
jpeg_quality_severity_1,Abyssinian_220,0,28,0,0.07591812312602997,0.4889478087425232,0.20621801912784576
jpeg_quality_severity_1,Abyssinian_221,0,9,0,0.1365687996149063,0.4758065938949585,0.28506654500961304
jpeg_quality_severity_1,Abyssinian_223,0,17,0,0.13290655612945557,0.5298019051551819,0.27321138978004456
jpeg_quality_severity_1,Abyssinian_224,0,17,0,0.1638181209564209,0.35017645359039307,0.28600966930389404
jpeg_quality_severity_1,Abyssinian_225,0,17,0,0.16573336720466614,0.5114902257919312,0.28280535340309143
jpeg_quality_severity_1,Abyssinian_226,0,19,0,0.1425674557685852,0.6391908526420593,0.2821868360042572
jpeg_quality_severity_1,Abyssinian_228,0,17,0,0.10769723355770111,0.29210782051086426,0.193733811378479
jpeg_quality_severity_1,Abyssinian_230,0,17,0,0.12825742363929749,0.4577493667602539,0.1913885474205017
jpeg_quality_severity_1,Abyssinian_232,0,19,0,0.12390261143445969,0.5510876178741455,0.2062266319990158
jpeg_quality_severity_1,Abyssinian_24,0,17,0,0.10489410161972046,0.3813733458518982,0.16811244189739227
jpeg_quality_severity_1,Abyssinian_25,0,15,0,0.20482979714870453,0.29408159852027893,0.23392347991466522
jpeg_quality_severity_1,Abyssinian_26,0,17,0,0.14237502217292786,0.26896169781684875,0.20004332065582275
jpeg_quality_severity_1,Abyssinian_27,0,19,0,0.11980116367340088,0.4907870888710022,0.18201139569282532
jpeg_quality_severity_1,Abyssinian_29,0,8,0,0.24608062207698822,0.42724210023880005,0.2156362682580948
jpeg_quality_severity_1,Abyssinian_3,0,19,0,0.15172097086906433,0.18569616973400116,0.12598924338817596
jpeg_quality_severity_2,Abyssinian_2,0,17,0,0.10310936719179153,0.20368999242782593,0.17170006036758423
jpeg_quality_severity_2,Abyssinian_20,0,16,0,0.18253573775291443,0.5851873755455017,0.3159586787223816
jpeg_quality_severity_2,Abyssinian_201,0,17,0,0.26182204484939575,0.31396445631980896,0.25981980562210083
jpeg_quality_severity_2,Abyssinian_202,0,17,0,0.11137855798006058,0.4070797860622406,0.20934723317623138
jpeg_quality_severity_2,Abyssinian_204,0,17,0,0.16838321089744568,0.42360344529151917,0.18368393182754517
jpeg_quality_severity_2,Abyssinian_205,0,17,0,0.1182229295372963,0.3488193452358246,0.17141924798488617
jpeg_quality_severity_2,Abyssinian_206,0,0,1,0.14142531156539917,0.6427015662193298,0.34973999857902527
jpeg_quality_severity_2,Abyssinian_207,0,36,0,0.15213321149349213,0.523461103439331,0.21802695095539093
jpeg_quality_severity_2,Abyssinian_21,0,23,0,0.07867671549320221,0.23826497793197632,0.2200392335653305
jpeg_quality_severity_2,Abyssinian_210,0,17,0,0.0965471938252449,0.48055508732795715,0.2917380928993225
jpeg_quality_severity_2,Abyssinian_212,0,19,0,0.10022984445095062,0.35100507736206055,0.19987453520298004
jpeg_quality_severity_2,Abyssinian_213,0,17,0,0.08375044167041779,0.22191199660301208,0.2101506143808365
jpeg_quality_severity_2,Abyssinian_215,0,16,0,0.09777233004570007,0.5572960376739502,0.24699920415878296
jpeg_quality_severity_2,Abyssinian_216,0,17,0,0.14245913922786713,0.4895932078361511,0.22905848920345306
jpeg_quality_severity_2,Abyssinian_217,0,9,0,0.15121924877166748,0.4219090938568115,0.24619609117507935
jpeg_quality_severity_2,Abyssinian_219,0,9,0,0.10785499960184097,0.28532421588897705,0.28604573011398315
jpeg_quality_severity_2,Abyssinian_22,0,9,0,0.2917754650115967,0.4625672996044159,0.24976851046085358
jpeg_quality_severity_2,Abyssinian_220,0,7,0,0.0891377180814743,0.4890366196632385,0.21154969930648804
jpeg_quality_severity_2,Abyssinian_221,0,9,0,0.11882660537958145,0.4756310284137726,0.2904457747936249
jpeg_quality_severity_2,Abyssinian_223,0,17,0,0.1331690102815628,0.5299543738365173,0.2746356129646301
jpeg_quality_severity_2,Abyssinian_224,0,17,0,0.15353360772132874,0.34969574213027954,0.28894951939582825
jpeg_quality_severity_2,Abyssinian_225,0,17,0,0.1293850988149643,0.5115051865577698,0.2859782874584198
jpeg_quality_severity_2,Abyssinian_226,0,19,0,0.10235802829265594,0.6386619806289673,0.28566282987594604
jpeg_quality_severity_2,Abyssinian_228,0,17,0,0.10518582165241241,0.2930545210838318,0.19871200621128082
jpeg_quality_severity_2,Abyssinian_230,0,17,0,0.1222967654466629,0.45847514271736145,0.19920194149017334
jpeg_quality_severity_2,Abyssinian_232,0,19,0,0.09342353045940399,0.5507919788360596,0.21024878323078156
jpeg_quality_severity_2,Abyssinian_24,0,17,0,0.1007959172129631,0.3814879357814789,0.1684592217206955
jpeg_quality_severity_2,Abyssinian_25,0,15,0,0.13588270545005798,0.29405346512794495,0.2359394133090973
jpeg_quality_severity_2,Abyssinian_26,0,17,0,0.1010802686214447,0.26908543705940247,0.20336705446243286
jpeg_quality_severity_2,Abyssinian_27,0,19,0,0.14555521309375763,0.4909895062446594,0.1839909851551056
jpeg_quality_severity_2,Abyssinian_29,0,8,0,0.22502736747264862,0.42742401361465454,0.21826119720935822
jpeg_quality_severity_2,Abyssinian_3,0,19,0,0.14206527173519135,0.18573705852031708,0.12747497856616974
jpeg_quality_severity_3,Abyssinian_2,0,17,0,0.11703993380069733,0.20220698416233063,0.17175602912902832
jpeg_quality_severity_3,Abyssinian_20,0,16,0,0.15618373453617096,0.5849287509918213,0.31569886207580566
jpeg_quality_severity_3,Abyssinian_201,0,17,0,0.2888679504394531,0.3142892122268677,0.2577630281448364
jpeg_quality_severity_3,Abyssinian_202,0,17,0,0.14510652422904968,0.40657171607017517,0.20398682355880737
jpeg_quality_severity_3,Abyssinian_204,0,17,0,0.2984561622142792,0.4241076111793518,0.1761132776737213
jpeg_quality_severity_3,Abyssinian_205,0,17,0,0.24655091762542725,0.34913280606269836,0.1600571870803833
jpeg_quality_severity_3,Abyssinian_206,0,0,1,0.10703855007886887,0.6411051750183105,0.3443584144115448
jpeg_quality_severity_3,Abyssinian_207,0,36,0,0.11974573135375977,0.5235116481781006,0.21408897638320923
jpeg_quality_severity_3,Abyssinian_21,0,6,0,0.07924939692020416,0.23792338371276855,0.21649053692817688
jpeg_quality_severity_3,Abyssinian_210,0,9,0,0.08343878388404846,0.4789148271083832,0.28931474685668945
jpeg_quality_severity_3,Abyssinian_212,0,17,0,0.11170151829719543,0.3507924973964691,0.19690486788749695
jpeg_quality_severity_3,Abyssinian_213,0,17,0,0.19023063778877258,0.2210543006658554,0.20654526352882385
jpeg_quality_severity_3,Abyssinian_215,0,36,0,0.10953757166862488,0.5571921467781067,0.24140915274620056
jpeg_quality_severity_3,Abyssinian_216,0,0,1,0.130267933011055,0.4889870285987854,0.22019223868846893
jpeg_quality_severity_3,Abyssinian_217,0,17,0,0.1375163495540619,0.42207518219947815,0.23860761523246765
jpeg_quality_severity_3,Abyssinian_219,0,5,0,0.12300095707178116,0.2855055034160614,0.28120237588882446
jpeg_quality_severity_3,Abyssinian_22,0,9,0,0.283633828163147,0.46245965361595154,0.24766992032527924
jpeg_quality_severity_3,Abyssinian_220,0,28,0,0.07607390731573105,0.4889736771583557,0.20620504021644592
jpeg_quality_severity_3,Abyssinian_221,0,9,0,0.13638605177402496,0.475763201713562,0.2851138710975647
jpeg_quality_severity_3,Abyssinian_223,0,17,0,0.13223430514335632,0.5297964215278625,0.27321070432662964
jpeg_quality_severity_3,Abyssinian_224,0,17,0,0.16656072437763214,0.3502178192138672,0.2860773801803589
jpeg_quality_severity_3,Abyssinian_225,0,17,0,0.16308985650539398,0.5114952325820923,0.2828471064567566
jpeg_quality_severity_3,Abyssinian_226,0,19,0,0.1423417329788208,0.639173150062561,0.28218749165534973
jpeg_quality_severity_3,Abyssinian_228,0,17,0,0.10753706097602844,0.29211339354515076,0.19373762607574463
jpeg_quality_severity_3,Abyssinian_230,0,17,0,0.12784229218959808,0.4577816426753998,0.19145958125591278
jpeg_quality_severity_3,Abyssinian_232,0,19,0,0.1240818053483963,0.551106333732605,0.2062656730413437
jpeg_quality_severity_3,Abyssinian_24,0,17,0,0.10615929216146469,0.3809886574745178,0.16838128864765167
jpeg_quality_severity_3,Abyssinian_25,0,15,0,0.20020432770252228,0.29334893822669983,0.23444385826587677
jpeg_quality_severity_3,Abyssinian_26,0,17,0,0.13721464574337006,0.2689804434776306,0.20050111413002014
jpeg_quality_severity_3,Abyssinian_27,0,19,0,0.11431944370269775,0.4904693067073822,0.18218836188316345
jpeg_quality_severity_3,Abyssinian_29,0,8,0,0.24546217918395996,0.4272107183933258,0.21555285155773163
jpeg_quality_severity_3,Abyssinian_3,0,19,0,0.15453939139842987,0.18583205342292786,0.12680481374263763
motion_blur_severity_1,Abyssinian_2,0,17,0,0.09765021502971649,0.19949354231357574,0.1686704009771347
motion_blur_severity_1,Abyssinian_20,0,19,0,0.16978466510772705,0.5821225643157959,0.3129712641239166
motion_blur_severity_1,Abyssinian_201,0,17,0,0.1862269639968872,0.3117890954017639,0.24924226105213165
motion_blur_severity_1,Abyssinian_202,0,35,0,0.11523426324129105,0.4046120345592499,0.19774776697158813
motion_blur_severity_1,Abyssinian_204,0,17,0,0.26459795236587524,0.42167046666145325,0.16400635242462158
motion_blur_severity_1,Abyssinian_205,0,36,0,0.1342467963695526,0.34694385528564453,0.1501978486776352
motion_blur_severity_1,Abyssinian_206,0,0,1,0.12624165415763855,0.6395496726036072,0.3422466516494751
motion_blur_severity_1,Abyssinian_207,0,8,0,0.11588577926158905,0.5211391448974609,0.21088330447673798
motion_blur_severity_1,Abyssinian_21,0,8,0,0.13778144121170044,0.23460061848163605,0.2135000079870224
motion_blur_severity_1,Abyssinian_210,0,8,0,0.09702025353908539,0.47681501507759094,0.2866123616695404
motion_blur_severity_1,Abyssinian_212,0,29,0,0.0933811217546463,0.34850937128067017,0.19037747383117676
motion_blur_severity_1,Abyssinian_213,0,17,0,0.08734496682882309,0.2189503163099289,0.20355825126171112
motion_blur_severity_1,Abyssinian_215,0,19,0,0.1486807018518448,0.5548104643821716,0.23672279715538025
motion_blur_severity_1,Abyssinian_216,0,0,1,0.14849361777305603,0.4866473078727722,0.214980810880661
motion_blur_severity_1,Abyssinian_217,0,9,0,0.09275489300489426,0.4195837080478668,0.22215822339057922
motion_blur_severity_1,Abyssinian_219,0,8,0,0.146933913230896,0.28335368633270264,0.27617037296295166
motion_blur_severity_1,Abyssinian_22,0,9,0,0.17464007437229156,0.45976027846336365,0.2365223914384842
motion_blur_severity_1,Abyssinian_220,0,7,0,0.11099454015493393,0.4870249330997467,0.20074336230754852
motion_blur_severity_1,Abyssinian_221,0,17,0,0.12772634625434875,0.47304725646972656,0.27975237369537354
motion_blur_severity_1,Abyssinian_223,0,17,0,0.1026957631111145,0.5278682708740234,0.26912015676498413
motion_blur_severity_1,Abyssinian_224,0,17,0,0.11798388510942459,0.34854525327682495,0.28318679332733154
motion_blur_severity_1,Abyssinian_225,0,17,0,0.11335767060518265,0.5102967619895935,0.27882102131843567
motion_blur_severity_1,Abyssinian_226,0,19,0,0.18873614072799683,0.6374430060386658,0.27513203024864197
motion_blur_severity_1,Abyssinian_228,0,17,0,0.09253346920013428,0.29034051299095154,0.19036507606506348
motion_blur_severity_1,Abyssinian_230,0,8,0,0.08943349123001099,0.4557455778121948,0.18718098104000092
motion_blur_severity_1,Abyssinian_232,0,19,0,0.13516592979431152,0.5485561490058899,0.20353205502033234
motion_blur_severity_1,Abyssinian_24,0,17,0,0.10050838440656662,0.3781011700630188,0.16585735976696014
motion_blur_severity_1,Abyssinian_25,0,15,0,0.12136173993349075,0.2909976541996002,0.22783246636390686
motion_blur_severity_1,Abyssinian_26,0,17,0,0.09232459962368011,0.26662489771842957,0.19655059278011322
motion_blur_severity_1,Abyssinian_27,0,19,0,0.12259485572576523,0.48750460147857666,0.17716597020626068
motion_blur_severity_1,Abyssinian_29,0,8,0,0.239796444773674,0.42508766055107117,0.21381424367427826
motion_blur_severity_1,Abyssinian_3,0,19,0,0.1392139047384262,0.1832488626241684,0.12373195588588715
motion_blur_severity_2,Abyssinian_2,0,11,0,0.1016002967953682,0.19941188395023346,0.16692577302455902
motion_blur_severity_2,Abyssinian_20,0,19,0,0.19997122883796692,0.5819486975669861,0.31004342436790466
motion_blur_severity_2,Abyssinian_201,0,17,0,0.08579286187887192,0.3116612732410431,0.24397492408752441
motion_blur_severity_2,Abyssinian_202,0,19,0,0.10322365164756775,0.40454092621803284,0.19396531581878662
motion_blur_severity_2,Abyssinian_204,0,17,0,0.16160649061203003,0.4214874804019928,0.15800409018993378
motion_blur_severity_2,Abyssinian_205,0,36,0,0.10686636716127396,0.3468019664287567,0.14512214064598083
motion_blur_severity_2,Abyssinian_206,0,6,0,0.11532007157802582,0.6393619179725647,0.3400935232639313
motion_blur_severity_2,Abyssinian_207,0,36,0,0.12682530283927917,0.5210134983062744,0.20878635346889496
motion_blur_severity_2,Abyssinian_21,0,8,0,0.10390735417604446,0.23447886109352112,0.2123517394065857
motion_blur_severity_2,Abyssinian_210,0,8,0,0.14428657293319702,0.47659724950790405,0.28452566266059875
motion_blur_severity_2,Abyssinian_212,0,19,0,0.07404059916734695,0.3484298288822174,0.18648535013198853
motion_blur_severity_2,Abyssinian_213,0,28,0,0.06890544295310974,0.21879488229751587,0.20101504027843475
motion_blur_severity_2,Abyssinian_215,0,19,0,0.18232984840869904,0.5546879768371582,0.23358047008514404
motion_blur_severity_2,Abyssinian_216,0,0,1,0.12481943517923355,0.48652446269989014,0.21074378490447998
motion_blur_severity_2,Abyssinian_217,0,19,0,0.07999621331691742,0.41934019327163696,0.21415507793426514
motion_blur_severity_2,Abyssinian_219,0,19,0,0.115630604326725,0.2830953598022461,0.2725510597229004
motion_blur_severity_2,Abyssinian_22,0,9,0,0.12234453856945038,0.45962217450141907,0.23392821848392487
motion_blur_severity_2,Abyssinian_220,0,7,0,0.1448291689157486,0.48698943853378296,0.19708894193172455
motion_blur_severity_2,Abyssinian_221,0,7,0,0.08835627883672714,0.47286802530288696,0.2757814824581146
motion_blur_severity_2,Abyssinian_223,0,19,0,0.10640858858823776,0.5277290940284729,0.2659570872783661
motion_blur_severity_2,Abyssinian_224,0,36,0,0.08681204169988632,0.3483577072620392,0.2801932394504547
motion_blur_severity_2,Abyssinian_225,0,7,0,0.0971369594335556,0.51023930311203,0.275291383266449
motion_blur_severity_2,Abyssinian_226,0,19,0,0.19212915003299713,0.6373819708824158,0.26957616209983826
motion_blur_severity_2,Abyssinian_228,0,17,0,0.07770188897848129,0.29023557901382446,0.18792280554771423
motion_blur_severity_2,Abyssinian_230,0,8,0,0.1168123260140419,0.45563462376594543,0.18455623090267181
motion_blur_severity_2,Abyssinian_232,0,19,0,0.13369901478290558,0.5484808683395386,0.20091290771961212
motion_blur_severity_2,Abyssinian_24,0,17,0,0.10918175429105759,0.3779315650463104,0.1645529419183731
motion_blur_severity_2,Abyssinian_25,0,19,0,0.0943516418337822,0.29088330268859863,0.22507570683956146
motion_blur_severity_2,Abyssinian_26,0,17,0,0.08572941273450851,0.2665047347545624,0.19336377084255219
motion_blur_severity_2,Abyssinian_27,0,19,0,0.14517974853515625,0.487458199262619,0.1737414002418518
motion_blur_severity_2,Abyssinian_29,0,8,0,0.2637161910533905,0.42498037219047546,0.21285834908485413
motion_blur_severity_2,Abyssinian_3,0,19,0,0.1571483463048935,0.1831161230802536,0.12251640856266022
motion_blur_severity_3,Abyssinian_2,0,11,0,0.09579890221357346,0.1993780881166458,0.163484588265419
motion_blur_severity_3,Abyssinian_20,0,19,0,0.1871902495622635,0.5818407535552979,0.3041062653064728
motion_blur_severity_3,Abyssinian_201,0,28,0,0.06798693537712097,0.3117114305496216,0.2346481829881668
motion_blur_severity_3,Abyssinian_202,0,19,0,0.10545791685581207,0.4048900902271271,0.1868717074394226
motion_blur_severity_3,Abyssinian_204,0,19,0,0.17493820190429688,0.42143529653549194,0.15203358232975006
motion_blur_severity_3,Abyssinian_205,0,36,0,0.0984240174293518,0.34673553705215454,0.13704979419708252
motion_blur_severity_3,Abyssinian_206,0,6,0,0.10424382984638214,0.6391078233718872,0.33591827750205994
motion_blur_severity_3,Abyssinian_207,0,19,0,0.08641365170478821,0.5209081768989563,0.20519345998764038
motion_blur_severity_3,Abyssinian_21,0,19,0,0.06679068505764008,0.2344047725200653,0.21034331619739532
motion_blur_severity_3,Abyssinian_210,0,8,0,0.20507219433784485,0.4763164818286896,0.28016525506973267
motion_blur_severity_3,Abyssinian_212,0,19,0,0.08658948540687561,0.3484918475151062,0.1800117790699005
motion_blur_severity_3,Abyssinian_213,0,28,0,0.06576433032751083,0.21877418458461761,0.19587908685207367
motion_blur_severity_3,Abyssinian_215,0,19,0,0.13903938233852386,0.5545918345451355,0.2275884598493576
motion_blur_severity_3,Abyssinian_216,0,19,0,0.12860681116580963,0.48646026849746704,0.20260897278785706
motion_blur_severity_3,Abyssinian_217,0,19,0,0.11881791800260544,0.41893771290779114,0.20065516233444214
motion_blur_severity_3,Abyssinian_219,0,19,0,0.10779281705617905,0.28300580382347107,0.26485422253608704
motion_blur_severity_3,Abyssinian_22,0,19,0,0.10876879841089249,0.4590635299682617,0.22993694245815277
motion_blur_severity_3,Abyssinian_220,0,7,0,0.11274828761816025,0.4870806336402893,0.19104987382888794
motion_blur_severity_3,Abyssinian_221,0,19,0,0.08661329001188278,0.47295236587524414,0.2688618302345276
motion_blur_severity_3,Abyssinian_223,0,19,0,0.17897652089595795,0.5277315378189087,0.2596948742866516
motion_blur_severity_3,Abyssinian_224,0,7,0,0.0821768119931221,0.34821656346321106,0.27441367506980896
motion_blur_severity_3,Abyssinian_225,0,19,0,0.14103680849075317,0.5102084875106812,0.26835253834724426
motion_blur_severity_3,Abyssinian_226,0,19,0,0.14412541687488556,0.6373286247253418,0.258886456489563
motion_blur_severity_3,Abyssinian_228,0,28,0,0.11626630276441574,0.2901897132396698,0.1833188831806183
motion_blur_severity_3,Abyssinian_230,0,8,0,0.12783116102218628,0.4555101990699768,0.17998386919498444
motion_blur_severity_3,Abyssinian_232,0,19,0,0.09595578908920288,0.5483658909797668,0.1958649605512619
motion_blur_severity_3,Abyssinian_24,0,19,0,0.09689508378505707,0.37785741686820984,0.16234509646892548
motion_blur_severity_3,Abyssinian_25,0,19,0,0.1436130404472351,0.29084348678588867,0.22054167091846466
motion_blur_severity_3,Abyssinian_26,0,28,0,0.11263369768857956,0.2663986384868622,0.1879260390996933
motion_blur_severity_3,Abyssinian_27,0,19,0,0.16273745894432068,0.4873446226119995,0.16729216277599335
motion_blur_severity_3,Abyssinian_29,0,8,0,0.3360012173652649,0.42489027976989746,0.2110701948404312
motion_blur_severity_3,Abyssinian_3,0,19,0,0.15488290786743164,0.1830352246761322,0.12043493986129761
