corruption,severity,samples,accuracy,embedding_mmd,embedding_drift,pixel_mmd,pixel_drift,confidence_drift,confidence_drift_flag
brightness_down,1,32,0.0625,0.003327567435291501,False,0.07218238982447267,False,0.10651154746932595,True
brightness_down,2,32,0.0625,0.013700320637853425,False,0.3846441937306537,True,0.07205618063901471,True
brightness_down,3,32,0.03125,0.04346262928277689,False,0.8002785359488929,True,0.19135922747157932,True
brightness_up,1,32,0.09375,0.0020591231442017577,False,0.04454289586032534,False,0.001326114928485071,False
brightness_up,2,32,0.09375,0.009958188974120041,False,0.17104819996120346,True,0.13997206379433874,True
brightness_up,3,32,0.125,0.026361514270126563,False,0.3296883349323503,True,0.18924692041407237,True
downscale_upscale,1,32,0.09375,0.0291971792954433,False,0.06887966080861307,False,0.026151604248280846,False
downscale_upscale,2,32,0.0625,0.05563479286045436,True,0.08016896664302076,False,0.05029810264553792,True
downscale_upscale,3,32,0.0625,0.13032458345233455,True,0.09048994915880204,False,0.19350483329250565,True
gaussian_blur,1,32,0.0625,0.011870501868834982,False,0.059229355560630914,False,0.12290496574694569,True
gaussian_blur,2,32,0.0,0.06185728214913189,True,0.08921347455899875,False,0.17688387207740516,True
gaussian_blur,3,32,0.0,0.12652515957588228,True,0.09601102416211882,False,0.11074678805221608,True
jpeg_quality,1,32,0.0625,0.011088302759174828,False,0.002912009532628712,False,0.18493925502074512,True
jpeg_quality,2,32,0.03125,0.016964706243087768,False,0.04505659228404735,False,0.12864492750061146,True
jpeg_quality,3,32,0.0625,0.010225951440032688,False,0.0021255496207570612,False,0.19235836935501344,True
motion_blur,1,32,0.0625,0.03568555865194001,False,0.03922612858380736,False,0.1597579392773955,True
motion_blur,2,32,0.03125,0.08486120335032354,True,0.05180106081732405,False,0.33555011139609703,True
motion_blur,3,32,0.0,0.18189562411172244,True,0.06618792265530637,False,0.26653851578107735,True
